{"cameraMode":{"drawMode":0,"name":"Shaded","section":"Shading Mode"},"sceneLighting":false,"audioPlay":false,"sceneViewState":{"m_AlwaysRefresh":false,"showFog":true,"showSkybox":false,"showFlares":true,"showImageEffects":true,"showParticleSystems":true,"showVisualEffectGraphs":true,"m_FxEnabled":true},"in2DMode":false,"pivot":{"x":1.6485559940338135,"y":4.571457862854004,"z":1.5273966789245606},"rotation":{"x":0.15346506237983704,"y":-0.6598636507987976,"z":0.14023235440254212,"w":0.7220785617828369},"size":0.10834592580795288,"orthographic":false}