{"cameraMode":{"drawMode":0,"name":"Shaded","section":"Shading Mode"},"sceneLighting":true,"audioPlay":false,"sceneViewState":{"m_AlwaysRefresh":false,"showFog":true,"showSkybox":true,"showFlares":true,"showImageEffects":true,"showParticleSystems":true,"showVisualEffectGraphs":true,"m_FxEnabled":true},"in2DMode":false,"pivot":{"x":1.5741080045700074,"y":9.191333770751954,"z":-13.119562149047852},"rotation":{"x":-0.18227285146713258,"y":0.020698435604572297,"z":-0.0036881426349282266,"w":-0.9831588268280029},"size":0.5028469562530518,"orthographic":false}