{"cameraMode":{"drawMode":0,"name":"Shaded","section":"Shading Mode"},"sceneLighting":true,"audioPlay":false,"sceneViewState":{"m_AlwaysRefresh":false,"showFog":true,"showSkybox":true,"showFlares":true,"showImageEffects":true,"showParticleSystems":true,"showVisualEffectGraphs":true,"m_FxEnabled":true},"in2DMode":false,"pivot":{"x":14.871734619140625,"y":3.408402442932129,"z":-3.771902084350586},"rotation":{"x":-0.2120126485824585,"y":-0.07142762839794159,"z":0.015661295503377916,"w":-0.9745893478393555},"size":18.569494247436525,"orthographic":false}