{"cameraMode":{"drawMode":0,"name":"Shaded","section":"Shading Mode"},"sceneLighting":true,"audioPlay":false,"sceneViewState":{"m_AlwaysRefresh":false,"showFog":true,"showSkybox":true,"showFlares":true,"showImageEffects":true,"showParticleSystems":true,"showVisualEffectGraphs":true,"m_FxEnabled":true},"in2DMode":false,"pivot":{"x":0.949303925037384,"y":4.225031852722168,"z":-0.7357736825942993},"rotation":{"x":0.19937589764595033,"y":-0.0009047623607330024,"z":0.00011040054960176349,"w":0.9799715876579285},"size":2.578890562057495,"orthographic":false}