{"cameraMode":{"drawMode":0,"name":"Shaded","section":"Shading Mode"},"sceneLighting":true,"audioPlay":false,"sceneViewState":{"m_AlwaysRefresh":false,"showFog":true,"showSkybox":true,"showFlares":true,"showImageEffects":true,"showParticleSystems":true,"showVisualEffectGraphs":true,"m_FxEnabled":true},"in2DMode":false,"pivot":{"x":2.6587533950805666,"y":2.4718236923217775,"z":2.53236985206604},"rotation":{"x":0.1045789048075676,"y":0.06558876484632492,"z":-0.006912237033247948,"w":0.9923264384269714},"size":14.475274085998536,"orthographic":false}