{"cameraMode":{"drawMode":0,"name":"Shaded","section":"Shading Mode"},"sceneLighting":true,"audioPlay":false,"sceneViewState":{"m_AlwaysRefresh":false,"showFog":true,"showSkybox":true,"showFlares":true,"showImageEffects":true,"showParticleSystems":true,"showVisualEffectGraphs":true,"m_FxEnabled":true},"in2DMode":false,"pivot":{"x":10.127565383911133,"y":0.8012819290161133,"z":-7.567307472229004},"rotation":{"x":0.2281743288040161,"y":0.04145197942852974,"z":-0.009742798283696175,"w":0.9727125763893127},"size":11.913887023925782,"orthographic":false}