{"cameraMode":{"drawMode":0,"name":"Shaded","section":"Shading Mode"},"sceneLighting":true,"audioPlay":false,"sceneViewState":{"m_AlwaysRefresh":false,"showFog":true,"showSkybox":true,"showFlares":true,"showImageEffects":true,"showParticleSystems":true,"showVisualEffectGraphs":true,"m_FxEnabled":true},"in2DMode":false,"pivot":{"x":6.141490936279297,"y":6.162655830383301,"z":-10.379685401916504},"rotation":{"x":0.11478634923696518,"y":0.054201751947402957,"z":-0.0063080936670303349,"w":0.9919227957725525},"size":5.767226219177246,"orthographic":false}