{"cameraMode":{"drawMode":0,"name":"Shaded","section":"Shading Mode"},"sceneLighting":true,"audioPlay":false,"sceneViewState":{"m_AlwaysRefresh":false,"showFog":true,"showSkybox":true,"showFlares":true,"showImageEffects":true,"showParticleSystems":true,"showVisualEffectGraphs":true,"m_FxEnabled":true},"in2DMode":false,"pivot":{"x":-1.2183334827423096,"y":9.08018970489502,"z":-11.353507041931153},"rotation":{"x":-0.03296268731355667,"y":-0.04346262663602829,"z":-0.0014351425925269724,"w":0.9985119700431824},"size":4.641546726226807,"orthographic":false}