{"cameraMode":{"drawMode":0,"name":"Shaded","section":"Shading Mode"},"sceneLighting":true,"audioPlay":false,"sceneViewState":{"m_AlwaysRefresh":false,"showFog":true,"showSkybox":true,"showFlares":true,"showImageEffects":true,"showParticleSystems":true,"showVisualEffectGraphs":true,"m_FxEnabled":true},"in2DMode":false,"pivot":{"x":3.1214919090270998,"y":4.376477241516113,"z":2.0441548824310304},"rotation":{"x":0.15914307534694673,"y":0.06864383816719055,"z":-0.011120464652776719,"w":0.9848336577415466},"size":6.890815734863281,"orthographic":false}